{
  "version": 1,
  "author": "AnonEngineering",
  "editor": "wokwi",
  "parts": [
    { "type": "wokwi-breadboard-half", "id": "bb2", "top": 64.2, "left": -102.8, "attrs": {} },
    {
      "type": "board-esp32-devkit-c-v4",
      "id": "esp",
      "top": 306.06,
      "left": 6.5,
      "rotate": 270,
      "attrs": { "env": "micropython-20231227-v1.22.0" }
    },
    {
      "type": "wokwi-pushbutton",
      "id": "btn1",
      "top": 143.4,
      "left": -83.4,
      "rotate": 90,
      "attrs": { "color": "green", "xray": "1" }
    },
    {
      "type": "wokwi-pushbutton",
      "id": "btn2",
      "top": 143.4,
      "left": -25.8,
      "rotate": 90,
      "attrs": { "color": "green", "xray": "1" }
    },
    { "type": "wokwi-led", "id": "led1", "top": 82.8, "left": 32.6, "attrs": { "color": "red" } },
    { "type": "wokwi-led", "id": "led2", "top": 82.8, "left": 51.8, "attrs": { "color": "red" } },
    { "type": "wokwi-led", "id": "led3", "top": 82.8, "left": 71, "attrs": { "color": "red" } },
    { "type": "wokwi-led", "id": "led4", "top": 82.8, "left": 90.2, "attrs": { "color": "red" } },
    { "type": "wokwi-led", "id": "led5", "top": 82.8, "left": 109.4, "attrs": { "color": "red" } },
    { "type": "wokwi-led", "id": "led6", "top": 82.8, "left": 128.6, "attrs": { "color": "red" } },
    { "type": "wokwi-led", "id": "led7", "top": 82.8, "left": 147.8, "attrs": { "color": "red" } },
    { "type": "wokwi-led", "id": "led8", "top": 82.8, "left": 167, "attrs": { "color": "red" } },
    {
      "type": "wokwi-resistor",
      "id": "r1",
      "top": 177.6,
      "left": 28.25,
      "rotate": 90,
      "attrs": { "value": "330" }
    },
    {
      "type": "wokwi-resistor",
      "id": "r2",
      "top": 177.6,
      "left": 47.45,
      "rotate": 90,
      "attrs": { "value": "330" }
    },
    {
      "type": "wokwi-resistor",
      "id": "r3",
      "top": 177.6,
      "left": 66.65,
      "rotate": 90,
      "attrs": { "value": "330" }
    },
    {
      "type": "wokwi-resistor",
      "id": "r4",
      "top": 177.6,
      "left": 85.85,
      "rotate": 90,
      "attrs": { "value": "330" }
    },
    {
      "type": "wokwi-resistor",
      "id": "r5",
      "top": 177.6,
      "left": 105.05,
      "rotate": 90,
      "attrs": { "value": "330" }
    },
    {
      "type": "wokwi-resistor",
      "id": "r6",
      "top": 177.6,
      "left": 124.25,
      "rotate": 90,
      "attrs": { "value": "330" }
    },
    {
      "type": "wokwi-resistor",
      "id": "r7",
      "top": 177.6,
      "left": 143.45,
      "rotate": 90,
      "attrs": { "value": "330" }
    },
    {
      "type": "wokwi-resistor",
      "id": "r8",
      "top": 177.6,
      "left": 162.65,
      "rotate": 90,
      "attrs": { "value": "330" }
    }
  ],
  "connections": [
    [ "esp:TX", "$serialMonitor:RX", "", [] ],
    [ "esp:RX", "$serialMonitor:TX", "", [] ],
    [ "esp:GND.2", "bb2:bn.1", "black", [ "v-38.4", "h-49.6" ] ],
    [ "esp:23", "bb2:5b.j", "blue", [ "v-67.2", "h-28.8" ] ],
    [ "esp:22", "bb2:11b.j", "blue", [ "v-67.2", "h19.2" ] ],
    [ "esp:21", "bb2:15b.j", "green", [ "v-86.4", "h28.8" ] ],
    [ "esp:19", "bb2:17b.j", "green", [ "v-76.8", "h28.8", "v-67.2" ] ],
    [ "esp:18", "bb2:19b.j", "green", [ "v-67.2", "h38.4", "v-76.8" ] ],
    [ "esp:5", "bb2:21b.j", "green", [ "v-57.6", "h48" ] ],
    [ "esp:17", "bb2:23b.j", "green", [ "v-48", "h57.6", "v-96" ] ],
    [ "esp:16", "bb2:25b.j", "green", [ "v-38.4", "h76.8" ] ],
    [ "esp:4", "bb2:27b.j", "green", [ "v-28.8", "h86.4" ] ],
    [ "esp:15", "bb2:29b.j", "green", [ "v-19.2", "h76.8" ] ],
    [ "bb2:3b.j", "bb2:bn.2", "black", [ "v0" ] ],
    [ "bb2:9b.j", "bb2:bn.7", "black", [ "v0" ] ],
    [ "bb2:14t.e", "bb2:bn.11", "black", [ "v0" ] ],
    [ "bb2:16t.e", "bb2:bn.13", "black", [ "v0" ] ],
    [ "bb2:18t.e", "bb2:bn.15", "black", [ "v0" ] ],
    [ "bb2:20t.e", "bb2:bn.16", "black", [ "v0" ] ],
    [ "bb2:22t.e", "bb2:bn.18", "black", [ "v0" ] ],
    [ "bb2:24t.e", "bb2:bn.20", "black", [ "v0" ] ],
    [ "bb2:26t.e", "bb2:bn.21", "black", [ "v0" ] ],
    [ "bb2:28t.e", "bb2:bn.23", "black", [ "v0" ] ],
    [ "btn1:1.l", "bb2:5t.c", "", [ "$bb" ] ],
    [ "btn1:2.l", "bb2:3t.c", "", [ "$bb" ] ],
    [ "btn1:1.r", "bb2:5b.h", "", [ "$bb" ] ],
    [ "btn1:2.r", "bb2:3b.h", "", [ "$bb" ] ],
    [ "btn2:1.l", "bb2:11t.c", "", [ "$bb" ] ],
    [ "btn2:2.l", "bb2:9t.c", "", [ "$bb" ] ],
    [ "btn2:1.r", "bb2:11b.h", "", [ "$bb" ] ],
    [ "btn2:2.r", "bb2:9b.h", "", [ "$bb" ] ],
    [ "led1:A", "bb2:15t.b", "", [ "$bb" ] ],
    [ "led1:C", "bb2:14t.b", "", [ "$bb" ] ],
    [ "led2:A", "bb2:17t.b", "", [ "$bb" ] ],
    [ "led2:C", "bb2:16t.b", "", [ "$bb" ] ],
    [ "led3:A", "bb2:19t.b", "", [ "$bb" ] ],
    [ "led3:C", "bb2:18t.b", "", [ "$bb" ] ],
    [ "led4:A", "bb2:21t.b", "", [ "$bb" ] ],
    [ "led4:C", "bb2:20t.b", "", [ "$bb" ] ],
    [ "led5:A", "bb2:23t.b", "", [ "$bb" ] ],
    [ "led5:C", "bb2:22t.b", "", [ "$bb" ] ],
    [ "led6:A", "bb2:25t.b", "", [ "$bb" ] ],
    [ "led6:C", "bb2:24t.b", "", [ "$bb" ] ],
    [ "led7:A", "bb2:27t.b", "", [ "$bb" ] ],
    [ "led7:C", "bb2:26t.b", "", [ "$bb" ] ],
    [ "led8:A", "bb2:29t.b", "", [ "$bb" ] ],
    [ "led8:C", "bb2:28t.b", "", [ "$bb" ] ],
    [ "r1:1", "bb2:15t.e", "", [ "$bb" ] ],
    [ "r1:2", "bb2:15b.i", "", [ "$bb" ] ],
    [ "r2:1", "bb2:17t.e", "", [ "$bb" ] ],
    [ "r2:2", "bb2:17b.i", "", [ "$bb" ] ],
    [ "r3:1", "bb2:19t.e", "", [ "$bb" ] ],
    [ "r3:2", "bb2:19b.i", "", [ "$bb" ] ],
    [ "r4:1", "bb2:21t.e", "", [ "$bb" ] ],
    [ "r4:2", "bb2:21b.i", "", [ "$bb" ] ],
    [ "r5:1", "bb2:23t.e", "", [ "$bb" ] ],
    [ "r5:2", "bb2:23b.i", "", [ "$bb" ] ],
    [ "r6:1", "bb2:25t.e", "", [ "$bb" ] ],
    [ "r6:2", "bb2:25b.i", "", [ "$bb" ] ],
    [ "r7:1", "bb2:27t.e", "", [ "$bb" ] ],
    [ "r7:2", "bb2:27b.i", "", [ "$bb" ] ],
    [ "r8:1", "bb2:29t.e", "", [ "$bb" ] ],
    [ "r8:2", "bb2:29b.i", "", [ "$bb" ] ]
  ],
  "dependencies": {}
}